family,pair,rung,candidates,clean_metric,corrupted_metric,gap,gap_ratio_to_f16,clean_prefers_target,spearman_actual_vs_f16,pearson_actual_vs_f16,max_abs_fraction_diff,mean_abs_fraction_diff,top1_matches_f16,top1,top5_overlap_with_f16,material_sites_f16,material_sites,material_jaccard_with_f16,x_handoff_layer_f16,x_handoff_layer,x_component_spearman_vs_f16,x_component_top5_overlap_with_f16,x_component_top1_matches_f16,x_component_top1,x_negligible_share_f16,x_spearman_sites_ge_5pct,x_f16_top1_top2_gap,x_top1_shortfall_in_f16,estimate_spearman_vs_actual
llama-3.2-1b,france-italy,f16,240,8.19191742,-8.3069191,16.498836519999998,1.0,True,1.0,1.0,0.0,0.0,True,residual-pre-attention/0/4,1.0,25,25,1.0,10,10,1.0,1.0,True,mlp-output/0/4,0.75,1.0,0.003936410999999973,0.0,0.7682036532261578
llama-3.2-1b,france-italy,q8_0,240,7.95081711,-8.29961777,16.25043488,0.9849442935143407,True,0.9190196512521325,0.9999261102332341,0.013549978999999879,0.0025737832586470405,False,residual-pre-attention/2/4,0.8,25,25,1.0,10,10,0.8802764901341429,1.0,True,mlp-output/0/4,0.75,0.997364953886693,0.003936410999999973,0.011106638000000002,0.7343881458453978
llama-3.2-1b,france-italy,q6_k,240,8.15419388,-8.29985809,16.454051970000002,0.9972855934449858,True,0.8234764527905473,0.9995570001043513,0.06503886199999998,0.004326853057835042,True,residual-pre-attention/0/4,0.8,25,25,1.0,10,10,0.7431009323777097,1.0,True,mlp-output/0/4,0.75,0.9965744400527009,0.003936410999999973,0.0,0.6927022555269007
llama-3.2-1b,france-italy,q4_k_m,240,8.44918442,-8.1568203,16.60600472,1.0064955004475675,True,0.8057959690407046,0.9981851421365308,0.07460872899999993,0.008270124172164625,True,residual-pre-attention/0/4,0.6,25,25,0.8518518518518519,10,10,0.7233194052942176,1.0,True,mlp-output/0/4,0.75,0.9869565217391304,0.003936410999999973,0.0,0.7927375365906899
llama-3.2-1b,germany-spain,f16,240,11.0214453,-7.60236168,18.623806979999998,1.0,True,1.0,1.0,0.0,0.0,True,residual-pre-attention/8/4,1.0,24,24,1.0,12,12,1.0,1.0,True,mlp-output/0/4,0.7583333333333333,1.0,0.0005612799999998863,0.0,0.8889190439401389
llama-3.2-1b,germany-spain,q8_0,240,10.9563007,-7.47483635,18.43113705,0.9896546431024063,True,0.8779410414558372,0.9999506247719124,0.009409208736,0.0032831700216216656,False,residual-pre-attention/7/4,1.0,24,24,1.0,12,12,0.8290593219161692,1.0,True,mlp-output/0/4,0.7583333333333333,0.9976284584980237,0.0005612799999998863,0.0005612799999998863,0.883599750644289
llama-3.2-1b,germany-spain,q6_k,240,10.9043341,-7.23160839,18.135942489999998,0.9738042554605557,True,0.8043189355070438,0.9995992256039566,0.044399869000000036,0.0070146416012691675,False,residual-pre-attention/4/4,0.8,24,23,0.9583333333333334,12,12,0.7203077258920805,1.0,True,mlp-output/0/4,0.7583333333333333,0.9961791831357049,0.0005612799999998863,0.007931189999999866,0.8448991779918301
llama-3.2-1b,germany-spain,q4_k_m,240,11.0653334,-6.75659657,17.82192997,0.9569434428277135,True,0.8003166252798171,0.9988886176617143,0.060644770000000014,0.009762586320601669,True,residual-pre-attention/8/4,0.6,24,23,0.9583333333333334,12,12,0.6811695166182453,1.0,True,mlp-output/0/4,0.7583333333333333,0.9944664031620554,0.0005612799999998863,0.0,0.8862051187891951
llama-3.2-1b,japan-russia,f16,240,13.0923433,-11.0417528,24.1340961,1.0,True,1.0,1.0,0.0,0.0,True,residual-pre-attention/0/4,1.0,24,24,1.0,10,10,1.0,1.0,True,mlp-output/0/4,0.7458333333333333,1.0,3.919799999996254e-05,0.0,0.788286699343142
llama-3.2-1b,japan-russia,q8_0,240,12.950336,-11.0594263,24.0097623,0.9948482097906288,True,0.9130526507702926,0.9999579127826772,0.015981014999999932,0.0015586576755673741,False,residual-pre-attention/1/4,1.0,24,24,1.0,10,10,0.8512620209916842,1.0,True,mlp-output/0/4,0.7458333333333333,0.9983793857872133,3.919799999996254e-05,3.919799999996254e-05,0.8088039734842773
llama-3.2-1b,japan-russia,q6_k,240,12.492238,-11.0167828,23.509020800000002,0.9740999083864591,True,0.8096196090628643,0.9997834997101874,0.02124793399999997,0.004361603780571417,False,residual-pre-attention/2/4,1.0,24,23,0.9583333333333334,10,10,0.7240158492608039,1.0,True,mlp-output/0/4,0.7458333333333333,0.9962725873105908,3.919799999996254e-05,0.0006137169999999026,0.7789507968238953
llama-3.2-1b,japan-russia,q4_k_m,240,12.5721784,-10.8953943,23.467572699999998,0.9723824999602947,True,0.783553199894082,0.9984408114793761,0.08539779599999997,0.006180940322750542,False,residual-pre-attention/2/4,0.8,24,23,0.9583333333333334,10,10,0.6852624546557352,1.0,True,mlp-output/0/4,0.7458333333333333,0.9881695162466575,3.919799999996254e-05,0.0006137169999999026,0.7888294843733308
llama-3.2-1b,egypt-greece,f16,240,10.1815166,-14.0795889,24.2611055,1.0,True,1.0,1.0,0.0,0.0,True,residual-pre-attention/8/4,1.0,24,24,1.0,11,11,1.0,1.0,True,mlp-output/0/4,0.75,1.0,0.0009689600000000187,0.0,0.8780090648333447
llama-3.2-1b,egypt-greece,q8_0,240,10.1774073,-14.0139923,24.1913996,0.9971268456831038,True,0.9033255631231903,0.9999515218389873,0.013819544999999933,0.0017691056133300003,False,residual-pre-attention/6/4,1.0,24,24,1.0,11,11,0.8335696997755495,1.0,True,mlp-output/0/4,0.75,0.9986408939897312,0.0009689600000000187,0.00221395000000002,0.9079707984997645
llama-3.2-1b,egypt-greece,q6_k,240,10.1095295,-14.0545378,24.1640673,0.9960002564598716,True,0.8565002799880191,0.9997234180286578,0.03472839099999997,0.003646409780210418,False,residual-pre-attention/5/4,0.8,24,23,0.9583333333333334,11,10,0.7638347622759158,1.0,True,mlp-output/0/4,0.75,0.9969797644216248,0.0009689600000000187,0.0009689600000000187,0.9152983964073128
llama-3.2-1b,egypt-greece,q4_k_m,240,10.3930244,-14.0930591,24.4860835,1.0092731965573456,True,0.7707032691314294,0.9985729093915172,0.08281268799999997,0.0072492827025625005,True,residual-pre-attention/8/4,1.0,24,24,1.0,11,10,0.664935917345976,1.0,True,mlp-output/0/4,0.75,0.9945635759589248,0.0009689600000000187,0.0,0.8903302850186297
llama-3.2-1b,poland-austria,f16,240,7.95417595,-12.8261375,20.78031345,1.0,True,1.0,1.0,0.0,0.0,True,residual-pre-attention/0/4,1.0,25,25,1.0,12,12,1.0,1.0,True,mlp-output/0/4,0.7416666666666667,1.0,0.0004122119999999674,0.0,0.7669009691537048
llama-3.2-1b,poland-austria,q8_0,240,7.87017632,-12.8569937,20.72717002,0.997442606911206,True,0.875242547760747,0.9999276505574116,0.014321129000000044,0.002055506338030833,False,residual-pre-attention/2/4,1.0,25,25,1.0,12,12,0.8245916818546757,1.0,True,mlp-output/0/4,0.7416666666666667,0.9975838115372999,0.0004122119999999674,0.0011359499999999967,0.8319266157703187
llama-3.2-1b,poland-austria,q6_k,240,7.72568321,-12.0584474,19.78413061,0.9520612216751715,True,0.8246814864976321,0.9997094454756318,0.028353969000000034,0.0037786333485658754,False,residual-pre-attention/1/4,1.0,25,24,0.96,12,12,0.7477921225511167,1.0,True,mlp-output/0/4,0.7416666666666667,0.9945635759589248,0.0004122119999999674,0.0004122119999999674,0.7424756427952104
llama-3.2-1b,poland-austria,q4_k_m,240,7.52532291,-12.1768093,19.702132210000002,0.9481152561729044,True,0.8190678352368178,0.9989689012278513,0.05517417400000002,0.006039432179692083,False,residual-pre-attention/9/4,0.4,25,24,0.8846153846153846,12,12,0.7534385457017446,0.8,True,mlp-output/0/4,0.7416666666666667,0.9723648444578677,0.0004122119999999674,0.014867411999999969,0.7864955087435191
llama-3.2-1b,portugal-sweden,f16,240,12.9542747,-12.7937899,25.7480646,1.0,True,1.0,1.0,0.0,0.0,True,residual-pre-attention/0/4,1.0,23,23,1.0,12,12,1.0,1.0,True,mlp-output/0/4,0.7625,1.0,0.002035127000000081,0.0,0.8947268437631587
llama-3.2-1b,portugal-sweden,q8_0,240,12.9879408,-12.7146015,25.7025423,0.9982320108051927,True,0.8894112437979398,0.9999714856575633,0.006742855999999908,0.0015441773367735835,True,residual-pre-attention/0/4,0.8,23,23,1.0,12,12,0.842131634620456,1.0,True,mlp-output/0/4,0.7625,0.9978932015233773,0.002035127000000081,0.0,0.8895161074733465
llama-3.2-1b,portugal-sweden,q6_k,240,12.3885083,-12.4762688,24.864777099999998,0.9656949944113469,True,0.8541292806695403,0.9998025691984508,0.027550939999999913,0.004450952727394833,True,residual-pre-attention/0/4,1.0,23,23,1.0,12,12,0.8005291873487304,1.0,True,mlp-output/0/4,0.7625,0.996110525889312,0.002035127000000081,0.0,0.8276386140318275
llama-3.2-1b,portugal-sweden,q4_k_m,240,13.3952999,-12.0588293,25.454129199999997,0.9885841749830003,True,0.7025754556859273,0.9994426751528281,0.049216928999999965,0.005061852395681249,False,residual-pre-attention/6/4,0.8,23,23,0.9166666666666666,12,12,0.6471263896295688,1.0,True,mlp-output/0/4,0.7625,0.9859006563487562,0.002035127000000081,0.01054055900000006,0.818574104027675
qwen2.5-1.5b,france-italy,f16,420,4.37526894,-6.9095993,11.28486824,1.0,True,1.0,1.0,0.0,0.0,True,residual-pre-attention/5/3,1.0,37,37,1.0,23,23,1.0,1.0,True,attention-output/0/3,0.8642857142857143,1.0,0.000724170000000024,0.0,0.33685500078897146
qwen2.5-1.5b,france-italy,q8_0,420,4.59058857,-6.93994427,11.53053284,1.0217693813321829,True,0.8176554717199193,0.9997859002685765,0.022552650000000063,0.004596114659621078,True,residual-pre-attention/5/3,0.6,37,37,1.0,23,23,0.7280267298176101,1.0,True,attention-output/0/3,0.8642857142857143,0.9673009161381254,0.000724170000000024,0.0,0.3192483509626356
qwen2.5-1.5b,france-italy,q6_k,420,4.6115799,-6.59488583,11.20646573,0.9930524213191877,True,0.4331300731609474,0.9986213268863997,0.039355943000000004,0.010860893871756597,False,residual-pre-attention/7/3,0.6,37,37,1.0,23,23,0.25604668096746896,0.8,True,attention-output/0/3,0.8642857142857143,0.942353770260747,0.000724170000000024,0.000724170000000024,0.44401358719606693
qwen2.5-1.5b,france-italy,q4_k_m,420,4.4737854,-6.49892807,10.972713469999999,0.9723386429188826,True,0.6170193096421389,0.9981193750053086,0.07361324000000002,0.013060571773417929,False,residual-pre-attention/6/3,0.4,37,37,1.0,23,23,0.45209176566801584,0.8,True,attention-output/0/3,0.8642857142857143,0.8665257223396758,0.000724170000000024,0.0014495099999998207,0.4565680701084629
qwen2.5-1.5b,germany-spain,f16,420,9.18201256,-8.38733387,17.569346430000003,1.0,True,1.0,1.0,0.0,0.0,True,residual-pre-attention/5/3,1.0,32,32,1.0,23,23,1.0,1.0,True,attention-output/0/3,0.8714285714285714,1.0,0.0007281220000000532,0.0,0.38889732610402783
qwen2.5-1.5b,germany-spain,q8_0,420,9.15044403,-8.44970608,17.60015011,1.0017532627137113,True,0.7958962033146579,0.9999375555005102,0.013783696000000012,0.002261494775489,False,attention-output/0/3,0.6,32,32,1.0,23,23,0.7305758368921339,1.0,True,attention-output/0/3,0.8714285714285714,0.982995951417004,0.0007281220000000532,0.0007796319999999746,0.3787910235495714
qwen2.5-1.5b,germany-spain,q6_k,420,9.35758972,-7.91048908,17.268078799999998,0.9828526558343921,True,0.6462772904894094,0.9993329256225052,0.0458027036,0.00728291465999919,False,residual-pre-attention/1/3,0.6,32,32,1.0,23,23,0.5464956474393036,1.0,True,attention-output/0/3,0.8714285714285714,0.9364372469635628,0.0007281220000000532,0.0017031610000000086,0.38991794025983195
qwen2.5-1.5b,germany-spain,q4_k_m,420,8.93294239,-8.38023853,17.31318092,0.9854197473411649,True,0.6239728654209581,0.9993731556655067,0.085182493,0.008268613162156905,True,residual-pre-attention/5/3,0.6,32,32,1.0,23,23,0.5088778680871255,1.0,True,attention-output/0/3,0.8714285714285714,0.93582995951417,0.0007281220000000532,0.0,0.4706817388019144
qwen2.5-1.5b,japan-russia,f16,420,10.9522009,-9.79558849,20.74778939,1.0,True,1.0,1.0,0.0,0.0,True,residual-pre-attention/4/3,1.0,33,33,1.0,23,23,1.0,1.0,True,attention-output/0/3,0.8809523809523809,1.0,0.0004310599999999276,0.0,0.8479540749024056
qwen2.5-1.5b,japan-russia,q8_0,420,11.057848,-9.96404076,21.02188876,1.0132110156338925,True,0.8405876750536945,0.999946821427475,0.011571726999999976,0.0020686443993960706,False,residual-pre-attention/3/3,0.8,33,33,1.0,23,23,0.7110341404321291,1.0,True,attention-output/0/3,0.8809523809523809,0.992952783650458,0.0004310599999999276,0.0004310599999999276,0.8278972759915538
qwen2.5-1.5b,japan-russia,q6_k,420,10.8993177,-9.6941843,20.593502,0.9925636709000737,True,0.6763089950792216,0.9996403929774429,0.029651756262,0.007623385772748453,False,residual-pre-attention/1/3,0.6,33,33,1.0,23,23,0.549046941180844,1.0,True,attention-output/0/3,0.8809523809523809,0.9591261451726568,0.0004310599999999276,0.0037739700000001264,0.7959440920629074
qwen2.5-1.5b,japan-russia,q4_k_m,420,11.400126,-8.62249184,20.022617840000002,0.9650482498945397,True,0.5981829726166296,0.9991446974996708,0.06809047700000001,0.011767832281225833,True,residual-pre-attention/4/3,0.8,33,33,1.0,23,23,0.43150374904059985,1.0,True,attention-output/0/3,0.8809523809523809,0.9561663143058492,0.0004310599999999276,0.0,0.5209199196174858
qwen2.5-1.5b,egypt-greece,f16,420,7.88749409,-10.77878,18.666274089999998,1.0,True,1.0,1.0,0.0,0.0,True,residual-pre-attention/20/3,1.0,36,36,1.0,23,23,1.0,1.0,True,attention-output/0/3,0.8666666666666667,1.0,0.0027133299999999583,0.0,0.5481044249560205
qwen2.5-1.5b,egypt-greece,q8_0,420,7.96018219,-10.8017702,18.76195239,1.0051257310129855,True,0.8510197434902442,0.9999394949080805,0.00971465418,0.002849854137423692,True,residual-pre-attention/20/3,0.8,36,35,0.9722222222222222,23,23,0.7583468849762496,1.0,True,attention-output/0/3,0.8666666666666667,0.989145852605612,0.0027133299999999583,0.0,0.5613575040949933
qwen2.5-1.5b,egypt-greece,q6_k,420,7.98229599,-10.6511068,18.63340279,0.9982390004646077,True,0.6826501258540093,0.9995993909360492,0.035508698999999866,0.006093830491026119,True,residual-pre-attention/20/3,0.6,36,36,1.0,23,23,0.5360493924345695,1.0,True,attention-output/0/3,0.8666666666666667,0.8998458217699661,0.0027133299999999583,0.0,0.4111390662149786
qwen2.5-1.5b,egypt-greece,q4_k_m,420,7.02436256,-11.3780336,18.402396160000002,0.9858633850157937,True,0.6132234175923497,0.9992349458668474,0.0444220905,0.009724197757231596,True,residual-pre-attention/20/3,0.6,36,36,1.0,23,23,0.4635734075050785,1.0,True,attention-output/0/3,0.8666666666666667,0.8944187480727721,0.0027133299999999583,0.0,0.6931289517601811
qwen2.5-1.5b,poland-austria,f16,420,9.39700603,-11.6785765,21.07558253,1.0,True,1.0,1.0,0.0,0.0,True,residual-pre-attention/16/3,1.0,35,35,1.0,23,23,1.0,1.0,True,attention-output/0/3,0.8523809523809524,1.0,0.00369799000000004,0.0,0.4970664020839336
qwen2.5-1.5b,poland-austria,q8_0,420,9.50033665,-11.6558027,21.15613935,1.00382228201215,True,0.8980757456485612,0.9999244798373946,0.01310917354,0.0023956215399545716,False,residual-pre-attention/1/3,0.8,35,35,1.0,23,23,0.8219812515170002,1.0,True,attention-output/0/3,0.8523809523809524,0.9884057971014493,0.00369799000000004,0.005742750000000019,0.4799659814072911
qwen2.5-1.5b,poland-austria,q6_k,420,8.91522312,-12.2094555,21.12467862,1.002329524696654,True,0.7387531544489473,0.9996523443888831,0.02061342399999999,0.005442463549321142,False,residual-pre-attention/5/3,0.8,35,35,1.0,23,23,0.5796859727497556,1.0,True,attention-output/0/3,0.8523809523809524,0.9633672525439408,0.00369799000000004,0.007017859999999931,0.4636350290381825
qwen2.5-1.5b,poland-austria,q4_k_m,420,9.11595345,-12.816155,21.93210845,1.0406406759471907,True,0.6826867320394828,0.9986297170138223,0.07369012599999997,0.010865737951987428,False,residual-pre-attention/5/3,0.4,35,36,0.9722222222222222,23,23,0.590149721090622,1.0,True,attention-output/0/3,0.8523809523809524,0.9141535615171138,0.00369799000000004,0.007017859999999931,0.4747619457484431
qwen2.5-1.5b,portugal-sweden,f16,420,10.2727909,-13.2570224,23.5298133,1.0,True,1.0,1.0,0.0,0.0,True,residual-pre-attention/0/3,1.0,33,33,1.0,23,23,1.0,1.0,True,attention-output/0/3,0.8833333333333333,1.0,0.0009505600000000447,0.0,0.6959739595814579
qwen2.5-1.5b,portugal-sweden,q8_0,420,10.2847853,-13.4024711,23.6872564,1.0066912175626994,True,0.8852905043105614,0.9999331759326401,0.03783745900000002,0.00202012027114581,False,residual-pre-attention/4/3,0.4,33,33,1.0,23,23,0.8246162979695094,1.0,True,attention-output/0/3,0.8833333333333333,0.9338789401183049,0.0009505600000000447,0.003954110999999982,0.7093991566313265
qwen2.5-1.5b,portugal-sweden,q6_k,420,10.216074,-13.2684097,23.4844837,0.9980735248757795,True,0.6583688866860388,0.9997261294986621,0.023309994999999972,0.006047248427488692,False,residual-pre-attention/11/3,0.4,33,33,1.0,23,23,0.5288689246190279,1.0,True,attention-output/0/3,0.8833333333333333,0.8833157766793615,0.0009505600000000447,0.002562862999999971,0.6944552721323778
qwen2.5-1.5b,portugal-sweden,q4_k_m,420,10.6273956,-12.0978003,22.7251959,0.9658043440574176,True,0.5640569371960957,0.9992439132016591,0.05458759899999999,0.009319827495449217,True,residual-pre-attention/0/3,0.2,33,33,1.0,23,23,0.4958283859992084,1.0,True,attention-output/0/3,0.8833333333333333,0.8706749858196257,0.0009505600000000447,0.0,0.3064205043094052
